air,air,air,air,air,air,air,air,air,air,air,air,air,air,air,air,air,air,air,air,air,air,air,air,air,air,air,air,air,air,air,air,air,air,air,air,air,air,air,air,air,air,air,air,air,air,air,air,air,air,air,air,air,air,air,air,air,air,air,air,air,air,air,air,air,air,air,air,air,air,air,air,air,air,air,air,air,air,air,air,air,air,air,air,air,air,air,air,air,air,air,air,air,air,air,air,air,air,air,air,air,air,air,air,air,air,air,air,air,air,air,air,air,air,air,air,air,air,air,air,air,air,air,air,air,air,air,air,air,air,air,air,air,air,air,air,air,air,air,air,air,air,air,air,air,air,air,air,air,air
air,air,air,air,air,air,air,air,air,air,air,air,air,air,air,air,air,air,air,air,air,air,air,air,air,air,air,air,air,air,air,air,air,air,air,air,air,air,air,air,air,air,air,air,air,air,air,air,air,air,air,air,air,air,air,air,air,air,air,air,air,air,air,air,air,air,air,air,air,air,air,air,air,air,air,air,air,air,air,air,air,air,air,air,air,air,air,air,air,air,air,air,air,air,air,air,air,air,air,air,air,air,air,air,air,air,air,air,air,air,air,air,air,air,air,air,air,air,air,air,air,air,air,air,air,air,air,air,air,air,air,air,air,air,air,air,air,air,air,air,air,air,air,air,air,air,air,air,air,air
air,air,air,air,air,air,air,air,air,air,air,air,air,air,air,air,air,air,air,air,air,air,air,air,air,air,air,air,air,air,air,air,air,air,air,air,air,air,air,air,air,air,air,air,air,air,air,air,air,air,air,air,air,air,air,air,air,air,air,air,air,air,air,air,air,air,air,air,air,air,air,air,air,air,air,air,air,air,air,air,air,air,air,air,air,air,air,air,air,air,air,air,air,air,air,air,air,air,air,air,air,air,air,air,air,air,air,air,air,air,air,air,air,air,air,air,air,air,air,air,air,air,air,air,air,air,air,air,air,air,air,air,air,air,air,air,air,air,air,air,air,air,air,air,air,air,air,air,air,air
air,air,air,air,air,air,air,air,air,air,air,air,air,air,air,air,air,air,air,air,air,air,air,air,air,air,air,air,air,air,air,air,air,air,air,air,air,air,air,air,air,air,air,air,air,air,air,air,air,air,air,air,air,air,air,air,air,air,air,air,air,air,air,air,air,air,air,air,air,air,air,air,air,air,air,air,air,air,air,air,air,air,air,air,air,air,air,air,air,air,air,air,air,air,air,air,air,air,air,air,air,air,air,air,air,air,air,air,air,air,air,air,air,air,air,air,air,air,air,air,air,air,air,air,air,air,air,air,air,air,air,air,air,air,air,air,air,air,air,air,air,air,air,air,air,air,air,air,air,air
air,air,air,air,air,air,air,air,air,air,air,air,air,air,air,air,air,air,air,air,air,air,air,air,air,air,air,air,air,air,air,air,air,air,air,air,air,air,air,air,air,air,air,air,air,air,air,air,air,air,air,air,air,air,air,air,air,air,air,air,air,air,air,air,air,air,air,air,air,air,air,air,air,air,air,air,air,air,air,air,air,air,air,air,air,air,air,air,air,air,air,air,air,air,air,air,air,air,air,air,air,air,air,air,air,air,air,air,air,air,air,air,air,air,air,air,air,air,air,air,air,air,air,air,air,air,air,air,air,air,air,air,air,air,air,air,air,air,air,air,air,air,air,air,air,air,air,air,air,air
air,air,air,air,air,air,air,air,air,air,air,air,air,air,air,air,air,air,air,air,air,air,air,air,air,air,air,air,air,air,air,air,air,air,air,air,air,air,air,air,air,air,air,air,air,air,air,air,air,air,air,air,air,air,air,air,air,air,air,air,air,air,air,air,air,air,air,air,air,air,air,air,air,air,air,air,air,air,air,air,air,air,air,air,air,air,air,air,air,air,air,air,air,air,air,air,air,air,air,air,air,air,air,air,air,air,air,air,air,air,air,air,air,air,air,air,air,air,air,air,air,air,air,air,air,air,air,air,air,air,air,air,air,air,air,air,air,air,air,air,air,air,air,air,air,air,air,air,air,air
air,air,air,air,air,air,air,air,air,air,air,air,air,air,air,air,air,air,air,air,air,air,air,air,air,air,air,air,air,air,air,air,air,air,air,air,air,air,air,air,air,air,air,air,air,air,air,air,air,air,air,air,air,air,air,air,air,air,air,air,air,air,air,air,air,air,air,air,air,air,air,air,air,air,air,air,air,air,air,air,air,air,air,air,air,air,air,air,air,air,air,air,air,air,air,air,air,air,air,air,air,air,air,air,air,air,air,air,air,air,air,air,air,air,air,air,air,air,air,air,air,air,air,air,air,air,air,air,air,air,air,air,air,air,air,air,air,air,air,air,air,air,air,air,air,air,air,air,air,air
air,air,air,air,air,air,dirt_default_left_border,grass_default,grass_default,grass_default,dirt_default_right_border,air,air,air,air,air,air,air,air,air,air,air,air,air,air,air,air,air,air,air,air,air,air,air,air,air,air,air,air,air,air,air,air,air,air,air,air,air,air,air,air,air,air,air,air,air,air,air,air,air,air,air,air,air,air,air,air,air,air,air,air,air,air,air,air,air,air,air,air,air,air,air,air,air,air,air,air,air,air,air,air,air,air,air,air,air,air,air,air,air,air,air,air,air,air,air,air,air,air,air,air,air,air,air,air,air,air,air,air,air,air,air,air,air,air,air,air,air,air,air,air,air,air,air,air,air,air,air,air,air,air,air,air,air,air,air,air,air,air,air
air,air,air,air,air,air,dirt_default_left_border,dirt_default,dirt_default,dirt_default,dirt_default_right_border,air,air,air,air,air,air,air,air,air,air,air,air,air,air,air,air,air,air,air,air,air,air,air,air,air,air,air,air,air,air,air,air,air,air,air,air,air,air,air,air,air,air,air,air,air,air,air,air,air,air,air,air,air,air,air,air,air,air,air,air,air,air,air,air,air,air,air,air,air,air,air,air,air,air,air,air,air,air,air,air,air,air,air,air,air,air,air,air,air,air,air,air,air,air,air,air,air,air,air,air,air,air,air,air,air,air,air,air,air,air,air,air,air,air,air,air,air,air,air,air,air,air,air,air,air,air,air,air,air,air,air,air,air,air,air,air,air,air,air
air,air,air,air,air,air,air,air,air,air,air,air,air,air,air,air,air,air,air,air,air,air,air,air,air,air,air,air,air,air,air,air,air,air,air,air,air,air,air,air,air,air,air,air,air,air,air,air,air,air,air,air,air,air,air,air,air,air,air,air,air,air,air,air,air,air,air,air,air,air,air,air,air,air,air,air,air,air,air,air,air,air,air,air,air,air,air,air,air,air,air,air,air,air,air,air,air,air,air,air,air,air,air,air,air,air,air,air,air,air,air,air,air,air,air,air,air,air,air,air,air,air,air,air,air,air,air,air,air,air,air,air,air,air,air,air,air,air,air,air,air,air,air,air,air,air,air,air,air,air
grass_default,air,air,air,air,air,air,air,air,air,air,air,air,air,air,air,air,air,air,air,air,air,air,air,air,air,air,air,air,air,air,air,air,air,air,air,air,air,air,air,air,air,air,air,air,air,air,air,air,air,air,air,air,air,air,air,air,air,air,air,air,air,air,air,air,air,air,air,air,air,air,air,air,air,air,air,air,air,air,air,air,air,air,air,air,air,air,air,air,air,air,air,air,air,air,air,air,air,air,air,air,air,air,air,air,air,air,air,air,air,air,air,air,air,air,air,air,air,air,air,air,air,air,air,air,air,air,air,air,air,air,air,air,air,air,air,air,air,air,air,air,air,air,air,air,air,air,air,air,air
dirt_default_right_border,air,air,air,air,air,air,air,air,air,air,air,air,air,air,air,air,air,air,air,air,air,air,air,air,air,air,air,air,air,air,air,air,air,air,air,air,air,air,air,air,air,air,air,air,air,air,air,air,air,air,air,air,air,air,air,air,air,air,air,air,air,air,air,air,air,air,air,air,air,air,air,air,air,air,air,air,air,air,air,air,air,air,air,air,air,air,air,air,air,air,air,air,air,air,air,air,air,air,air,air,air,air,air,air,air,air,air,air,air,air,air,air,air,air,air,air,air,air,air,air,air,air,air,air,air,air,air,air,air,air,air,air,air,air,air,air,air,air,air,air,air,air,air,air,air,air,air,air,air
dirt_default_right_border,air,air,air,player_spawn,air,air,air,air,air,air,air,air,air,air,air,air,air,air,air,air,air,air,air,air,air,air,air,air,air,air,air,air,air,air,air,air,air,air,air,air,air,air,air,air,air,air,air,air,air,air,air,air,air,air,air,air,air,air,air,air,air,air,air,air,air,air,air,air,air,air,air,air,air,air,air,air,air,air,air,air,air,air,air,air,air,air,air,air,air,air,air,air,air,air,air,air,air,air,air,air,air,air,air,air,air,air,air,air,air,air,air,air,air,air,air,air,air,air,air,air,air,air,air,air,air,air,air,air,air,air,air,air,air,air,air,air,air,air,air,air,air,air,air,air,air,air,air,air,air
dirt_default_right_border,air,air,air,air,air,air,air,air,air,air,grass_default,grass_default,grass_default,grass_default,air,air,air,air,air,air,air,air,air,air,air,air,air,air,air,air,air,air,air,air,air,air,air,air,air,air,air,air,air,air,air,air,air,air,air,air,air,air,air,air,air,air,air,air,air,air,air,air,air,air,air,air,air,air,air,air,air,air,air,air,air,air,air,air,air,air,air,air,air,air,air,air,air,air,air,air,air,air,air,air,air,air,air,air,air,air,air,air,air,air,air,air,air,air,air,air,air,air,air,air,air,air,air,air,air,air,air,air,air,air,air,air,air,air,air,air,air,air,air,air,air,air,air,air,air,air,air,air,air,air,air,air,air,air,air
dirt_default_right_border,air,air,air,air,air,air,air,air,air,grass_default,dirt_default,dirt_default,dirt_default,dirt_default,grass_default,air,air,air,air,air,air,air,air,air,air,air,air,air,air,air,air,air,air,air,air,air,air,air,air,air,air,air,air,air,air,air,air,air,air,air,air,air,air,air,air,air,air,air,air,air,air,air,air,air,air,air,air,air,air,air,air,air,air,air,air,air,air,air,air,air,air,air,air,air,air,air,air,air,air,air,air,air,air,air,air,air,air,air,air,air,air,air,air,air,air,air,air,air,air,air,air,air,air,air,air,air,air,air,air,air,air,air,air,air,air,air,air,air,air,air,air,air,air,air,air,air,air,air,air,air,air,air,air,air,air,air,air,air,air
dirt_default,grass_default,grass_default,grass_default,grass_default,grass_default,grass_default,grass_default,grass_default,grass_default,dirt_default,dirt_default,dirt_default,dirt_default,dirt_default,dirt_default,grass_default,grass_default,grass_default,grass_default,grass_default,grass_default,grass_default,grass_default,grass_default,grass_default,grass_default,grass_default,grass_default,grass_default,grass_default,grass_default,grass_default,grass_default,grass_default,grass_default,grass_default,grass_default,grass_default,grass_default,grass_default,grass_default,grass_default,grass_default,grass_default,grass_default,grass_default,grass_default,grass_default,grass_default,grass_default,grass_default,grass_default,grass_default,grass_default,grass_default,grass_default,grass_default,grass_default,grass_default,grass_default,grass_default,grass_default,grass_default,grass_default,grass_default,grass_default,grass_default,grass_default,grass_default,grass_default,grass_default,grass_default,grass_default,grass_default,grass_default,grass_default,grass_default,grass_default,grass_default,grass_default,grass_default,grass_default,grass_default,grass_default,grass_default,grass_default,grass_default,grass_default,grass_default,grass_default,grass_default,grass_default,grass_default,grass_default,grass_default,grass_default,grass_default,grass_default,grass_default,grass_default,grass_default,grass_default,grass_default,grass_default,grass_default,grass_default,grass_default,grass_default,grass_default,grass_default,grass_default,grass_default,grass_default,grass_default,grass_default,grass_default,grass_default,grass_default,grass_default,grass_default,grass_default,grass_default,grass_default,grass_default,grass_default,grass_default,grass_default,grass_default,grass_default,grass_default,grass_default,grass_default,grass_default,grass_default,grass_default,grass_default,grass_default,grass_default,grass_default,grass_default,grass_default,grass_default,grass_default,grass_default,grass_default,grass_default,grass_default,grass_default,grass_default
